timestamp,bitcoin,snp500,esg_funds,eua_features,year
2021-02-07 12:35:10.190117,34947.262557726644,3881.3799307923346,449.8427365178308,35.95129382427713,2021
2020-08-09 00:46:57.594484,40254.66709567147,4397.94652734908,59.75723619691834,58.08606665258266,2020
2023-08-19 04:43:12.361036,11319.91343383332,4666.916405429592,368.4129668696463,79.01481394774565,2023
2024-05-28 19:07:30.964405,19839.27489476277,3694.61968034623,243.02187465106695,78.77454078979582,2024
2020-03-07 06:33:27.399134,15230.967930994762,4122.938498855099,326.7966034778652,40.16499424719271,2020
2020-01-25 14:14:08.951865,20736.850270157745,4181.977878195248,274.9637663934169,56.57420476173713,2020
2020-03-14 00:26:25.960894,37057.86518703356,4335.820170651209,434.9728166721206,48.59455887941671,2020
2021-12-22 07:02:32.257464,26883.01783261694,4793.143106558606,88.49270728098949,59.354371773249724,2021
2020-02-10 02:30:49.638260,49875.193139325354,3767.2733746267377,289.8236123110059,79.25311482144,2020
2022-11-03 14:28:00.742390,17661.299323467443,3089.5329198305035,243.60850346417064,71.08604615984673,2022
2021-05-14 02:46:22.106037,12205.834211472868,3645.1657483021836,464.69810492520145,75.59344631034752,2021
2021-08-03 06:02:47.730673,35735.224056310406,3047.9899849373246,436.06094746003447,73.90825798459355,2021
2020-09-02 07:09:49.225459,30138.58785657207,3317.466273995742,261.89797494519155,29.35782790882648,2020
2023-05-10 02:48:39.086310,35525.523236469104,3295.3788551350763,418.8983229547681,39.4106044330211,2023
2024-11-14 13:56:12.635436,21237.02550280933,3670.7111648208443,323.5842690463864,61.89761418596135,2024
2024-04-19 20:41:13.624380,21732.688727401808,4231.103040532418,252.6374776891146,67.22960101018415,2024
2023-04-14 12:17:48.763409,49478.18262451138,3093.944484683684,404.2950280980577,35.62228556082532,2023
2021-04-18 22:40:27.779181,17519.623229099747,3350.864254286036,316.837046895722,88.29628571434527,2021
2024-02-15 02:37:13.593012,35475.563665167676,4402.3166780939955,183.48177056349536,75.51309301240303,2024
2024-09-10 15:18:51.970677,49673.0512875161,3790.6808199591305,160.28311123398075,46.92495071766417,2024
2024-02-16 14:31:24.202867,15895.112775101452,4225.674073501722,163.1552696500866,42.47756695342309,2024
2020-11-08 03:34:47.327525,53024.65287304423,4320.912156825943,490.03807616917595,61.53288347867488,2020
2020-05-23 15:48:00.743554,36274.56266154497,4474.571965113202,354.7077449878459,77.37872972017828,2020
2023-10-25 21:40:36.569311,45578.43881290535,3467.99969113664,298.505475847941,37.55945263562548,2023
2022-08-10 04:08:59.080244,48598.35336023397,3840.753150046122,266.834808035362,39.91842026990752,2022
2022-06-06 08:45:17.052828,15428.94330393574,3974.844917299578,446.11173874873964,48.059765320246,2022
2022-10-19 03:06:02.847913,42459.76609697672,3113.4893518825234,464.3354686311166,52.214229741094286,2022
2022-03-29 08:15:43.529243,54546.08462380418,4958.802602729633,109.3984056996073,53.240628159672106,2022
2020-10-14 05:53:52.681981,58701.25584816188,3009.0196071961855,257.79432298737606,34.51771904981562,2020
2024-07-05 08:17:06.271894,23637.12242499835,4246.990053042903,326.1463481426102,89.03222368469966,2024
2024-08-15 05:11:05.108949,15567.465617417762,3820.3342690458207,354.03015458047844,29.947176602406262,2024
2022-12-16 13:00:01.655412,35724.04040847982,3447.9988647901773,268.7099781920755,85.94797516500043,2022
2023-11-21 10:52:24.810574,15844.410248559056,3487.9390407337764,416.5517901381677,46.63289644207711,2023
2021-01-29 19:33:56.427632,17783.255314190606,3827.8318111011877,214.62842922118207,60.37768664850638,2021
2023-01-01 21:09:11.661857,41488.03120055492,3889.4983548745677,150.16670261722598,97.94276935163008,2023
2022-04-20 21:45:50.833486,30988.1247386154,4219.851376914847,458.4611471040221,97.14473856030268,2022
2020-07-18 01:09:35.012149,17208.25982768666,3818.069376211404,340.5493401387461,85.47694002682385,2020
2024-07-23 05:01:02.872828,18200.561659219304,4767.029872174379,210.73995812417957,89.32022939077152,2024
2021-04-02 12:42:29.217986,52931.8221300603,4422.521381583817,306.64521428513035,34.76305249718135,2021
2020-11-18 01:59:17.475481,46232.73887021482,3654.754129224798,132.92501497458412,92.09089085623907,2020
2023-03-20 04:54:30.115510,13532.356072758703,4942.913838060653,229.64311339728533,57.933966340449985,2023
2024-05-03 23:56:00.530026,37443.70361839447,4458.152105343173,164.63357954932474,42.830890752278364,2024
2024-03-06 20:41:42.353770,32794.51140252633,4981.629983435543,372.5274366663779,64.73911770437337,2024
2022-03-28 16:28:02.007633,15645.248802381919,4257.823389997619,240.88269519147894,97.10091126700867,2022
2023-06-23 14:57:42.590049,23749.401298190827,3078.1664267263313,97.77951346406368,87.91069538834562,2023
2023-11-05 00:27:26.997134,59078.107666743876,4833.91267411276,350.2099919018354,84.84201175331953,2023
2024-08-07 02:59:08.316235,27456.40058259969,3494.273392182186,249.89014817013754,74.75864694127138,2024
2023-10-30 09:26:46.929131,26070.76939782761,3174.999615450201,241.10803759908472,62.39013081737102,2023
2020-08-27 23:33:12.863853,38466.69488178255,3761.2817551691046,150.43698406825538,37.67081800869807,2020
2022-07-16 15:10:53.247926,39719.37261745354,4238.050997064574,437.46089860403293,24.78315469171421,2022
2021-03-25 14:13:15.063268,52742.6393501306,3074.5818471658877,230.76868875411893,75.49719321170224,2021
2024-08-31 17:39:42.689237,28745.024332803456,3707.598273924655,406.2754052106051,40.320427448100574,2024
2022-10-21 13:28:21.028317,10158.094046437946,4128.478909730115,390.882728192687,51.68500314212959,2022
2022-11-11 22:35:34.801915,30710.81237738311,4285.426134510756,138.52801489938514,48.47159389176728,2022
2020-03-23 11:16:51.048024,37837.86172098911,3620.511406309127,80.98872136146089,67.99154568822138,2020
2021-12-26 19:42:14.430360,35185.89996035182,4188.182014436146,85.04348144241484,95.12413046655811,2021
2023-12-14 11:38:43.205233,10360.508996443516,3933.4979280755715,140.21573748533314,77.50597988983132,2023
2024-10-13 04:28:40.280611,45610.42714033581,4047.1355610339206,74.45611911504793,61.016126298625124,2024
2023-03-03 08:41:03.969639,21350.09999485279,4831.632822705451,118.29791290943439,97.53527941791886,2023
2022-04-16 19:39:49.005227,58871.82767280854,3943.884867348223,86.5398712591547,77.10754251275989,2022
2022-04-04 09:31:28.195987,24146.654980792977,4934.021842816102,401.84923472661865,98.2709428266502,2022
2023-06-07 09:56:10.019883,11866.811527561269,3629.895999499723,217.51034497639088,32.83906845258684,2023
2020-11-22 12:50:53.033510,12760.377951982751,4431.917045282276,477.8272345958092,58.242405217606255,2020
2020-03-05 06:39:43.658233,55985.05407316068,4945.32528845832,249.30449326990325,57.028163484667814,2020
2022-08-16 02:13:31.249413,24251.403463979703,4917.131491611183,286.31032927673493,76.28654713924533,2022
2022-01-23 06:27:02.767665,46514.61952063661,4386.841714447659,381.8087353478244,41.90920002834882,2022
2021-12-21 02:56:46.690493,29864.120865130597,4238.995325022535,279.22554851850913,66.04151261254543,2021
2023-06-01 15:01:49.387772,44423.78541668469,3257.229690383755,348.0669651539416,96.85102571773862,2023
2022-01-06 18:06:53.415988,30272.97033721036,3004.776797002059,360.2272651610646,83.98850438338819,2022
2022-10-03 17:38:03.384886,16129.590679844305,3600.1629063873256,262.6112717642571,98.51378862318248,2022
2022-06-25 18:25:24.308351,41034.68521918949,4600.629652144371,361.8274754502556,89.93251984694335,2022
2024-07-19 20:34:17.603383,29780.09805577935,4106.2505491563315,295.1766856308313,65.99943222546877,2024
2023-03-08 06:34:18.814393,15797.573866447947,3036.8216388119863,318.3900488205513,73.82053177451422,2023
2024-11-01 12:03:21.281542,15766.798910993391,3374.141954677194,170.27318448913738,25.311523751759353,2024
2022-03-30 00:39:56.612409,11758.133400447337,3732.563628218989,395.32520345312327,30.87257905113806,2022
2022-03-17 22:52:50.766652,58134.399271682414,3197.747443031341,492.59687469534794,62.558098495597335,2022
2024-04-09 04:12:00.861771,15866.822546971369,3702.4085831898356,341.25508318921084,58.83843972471318,2024
2021-01-22 16:19:18.727098,52619.69022066226,3840.352796991793,194.1508091755153,67.64841547387238,2021
2021-03-16 13:30:57.632798,23972.755837769793,4592.3198379987825,68.12922945037526,41.962802664607324,2021
2021-02-20 18:37:49.165706,43654.432457194125,3036.639334294907,228.70761463462193,28.82956557922487,2021
2022-09-08 18:02:14.738188,17928.85488733459,3698.4697538674204,451.7245424269342,46.24475883704122,2022
2021-07-13 19:48:38.371972,39252.67482488588,3311.098658386088,78.35241437460508,27.59326369248063,2021
2022-02-18 06:49:01.206132,15789.049540328346,3906.7372302626436,352.07602350279797,69.3935794907205,2022
2023-07-01 10:22:12.551055,23350.22500047832,4748.322389280195,416.6491451593633,84.65716122685143,2023
2023-01-25 03:56:17.066611,40814.127425449165,4279.706814024267,90.74993272708149,69.85946174322763,2023
2020-04-25 05:58:18.586529,37537.288913357945,4012.95143832723,180.44936266628602,86.26381539740808,2020
2024-11-19 09:12:43.214788,13381.029205927489,4622.393065760154,435.08967433543523,64.75447717854195,2024
2020-09-08 02:26:53.744333,33987.00566151696,4669.302234635038,416.3731237784642,35.52537735349678,2020
2024-09-30 16:47:52.175925,43237.822248042845,3664.265828031581,442.5866474805437,97.08196720511728,2024
2020-02-16 06:23:31.586624,16036.458682984354,4568.4116714805705,209.65510386062329,25.32582421973394,2020
2020-08-09 16:07:38.246982,57106.28776180193,4319.332685146725,112.01888402221,56.40045428266049,2020
2023-06-09 10:13:41.773288,12420.67908200334,4976.589583903061,68.45307454832829,71.49513349522228,2023
2024-04-18 06:01:52.850801,12932.484708147576,3492.3126176308433,237.09052372035754,66.3681620947075,2024
2022-08-22 20:13:05.665398,34848.664518325975,4013.027600663331,349.7631244284261,85.77867896515407,2022
2023-07-24 02:05:32.404478,28108.213229916848,4912.596571466806,245.0244466773211,93.4871439176018,2023
2021-04-16 03:56:58.625000,33580.48622484889,4018.510704612463,375.1597090656898,30.803694360996296,2021
2021-01-03 03:44:00.683321,52159.89093030043,4934.066135441432,82.44591843465045,54.00073988183813,2021
2023-03-23 13:02:43.477847,45338.86331918999,3759.667590220101,163.70889613682766,70.86759941502461,2023
2020-09-30 04:12:08.211172,13196.97346687946,4088.589679363313,249.6420046292764,59.28080536378197,2020
2023-02-22 20:54:06.053958,47294.71834804309,4767.882391503925,167.75480307694204,33.79469826039829,2023
2024-09-28 16:20:34.345271,15078.591907351554,4725.490364101559,393.8138726797132,86.30835354046508,2024
2021-12-16 11:26:15.745081,59064.57488698043,3593.139518817904,66.83573507478057,58.60847164715829,2021
2022-11-26 09:21:00.323641,53046.140391558874,4568.86675182519,267.28867473328626,60.00522208222378,2022
2022-04-05 04:29:51.162309,22762.088461682746,4380.59773682329,226.34185223999685,84.2858297199798,2022
2023-09-26 08:56:02.245240,17601.39501618409,4254.588700917115,350.21664868947886,30.097646507935274,2023
2023-05-26 14:01:39.870408,57193.62733019297,3013.8416678347194,351.55595703284826,24.652053668547993,2023
2022-08-10 01:33:18.071630,27926.886333338294,4110.946389018561,437.36657246972663,28.092092335047578,2022
2021-08-27 23:09:58.617371,26218.897554809897,4265.102539234962,249.13953486548795,79.59435697021769,2021
2020-11-23 08:17:44.074618,49012.63964740746,3619.960722878005,55.02974191330786,68.358118504557,2020
2024-04-21 09:30:47.870613,34103.44017261941,4440.187465322215,222.64318303809785,59.59921354468479,2024
2023-11-19 03:01:36.659225,54921.38350345337,4546.103033855639,358.10138782022034,44.325086491808975,2023
2020-05-31 13:32:19.251005,51589.376050339306,3579.595020150789,180.07772976203685,80.46680745174918,2020
2022-09-23 08:44:41.375750,33544.973055832495,3416.396299081839,133.5015951824401,60.988765967638685,2022
2022-06-24 02:32:42.777046,54803.59579511972,3475.6931837815246,418.3035566257098,57.196223254674166,2022
2020-05-23 12:52:37.739608,24614.80256728438,3096.7845896396234,335.5003681430893,29.12511407727523,2020
2023-06-30 14:16:58.889435,30837.1629597768,4314.221530459578,161.82055721989133,20.16936335147563,2023
2020-12-28 01:34:10.639476,21376.37957328753,4811.0687735386055,306.87051904604937,69.77948758411085,2020
2022-01-29 17:44:15.001023,13767.255177359624,4176.50613992939,313.1322826991642,57.35601971852795,2022
2025-01-09 08:11:05.590673,34722.38869611909,3152.4248670023317,125.15280224054918,49.27438971030764,2025
2020-06-24 18:37:01.097334,18564.850968819992,4121.562839625415,391.97040858338477,51.31520032006296,2020
2022-12-26 10:44:00.372624,31022.979259409196,3617.5163760143614,392.58563467033116,74.63778943737027,2022
2021-06-06 10:49:40.227423,21161.77847030189,3341.9835787723337,85.27378572661803,68.57849831433884,2021
2020-02-09 19:11:25.864050,53501.667516926915,3227.383766971391,56.40872663847216,71.04795760254022,2020
2020-08-21 10:20:25.298709,37430.292779997646,3241.115666717561,338.42057457652504,60.426180949751156,2020
2021-02-12 17:12:46.766245,31256.83874269501,3720.0796093827,209.96944827585915,82.9948192610208,2021
2022-12-11 10:44:32.169550,42973.48293341694,4819.047366723569,228.6080720832639,34.55076373528868,2022
2022-11-23 15:50:27.269422,48434.27886053688,3778.9015536139646,130.47340773257184,97.87158837005668,2022
2020-12-11 04:04:56.193918,19431.147442507638,3363.7268060719157,396.2148604263473,31.431076783542746,2020
2022-06-04 02:02:15.409700,56799.14101269713,3203.928888450892,178.11142233542068,30.89893860029384,2022
2023-01-10 19:40:26.921956,49327.57725066954,3130.1892008809687,224.09462064908593,38.712085554032114,2023
2024-08-17 08:29:14.503542,35333.19835290413,4461.833432349886,405.2157674418828,99.27824316259601,2024
2021-06-05 05:28:51.567576,10400.204871964777,4509.243393561286,158.63240046792532,30.94867918021082,2021
2020-01-30 23:28:31.659811,25047.18014161051,4342.013396693666,299.3820786422758,94.54634126926828,2020
2021-01-08 00:04:54.590675,32921.27040883304,3543.9928862310394,86.09611379027876,46.9406060166093,2021
2024-06-29 02:16:17.441959,30812.18194975649,4082.2918755245323,364.6795911406949,76.63361698666108,2024
2022-08-28 04:38:20.174952,28309.480304585413,3400.0741405230415,472.59630013236614,60.706915964510124,2022
2021-03-14 20:06:21.389898,27569.184377239024,3802.4014215289335,347.0668636896739,92.51009036826869,2021
2024-02-18 00:12:05.409477,53189.12567608746,4871.435626005174,74.7604483173231,54.52201248488008,2024
2021-10-01 01:19:01.729344,28954.298329465724,3134.8413969066755,481.44277441440136,75.54452456790109,2021
2020-06-20 09:39:48.356699,36418.68634350134,4078.7772660684204,263.00748908213643,32.05336316551674,2020
2025-01-17 12:30:15.189550,35994.546478176664,3079.6431030474373,108.85553959064964,96.05195233579218,2025
2020-07-07 22:30:06.138360,23298.84056966014,3846.995237330946,270.79495602311454,68.14558936075002,2020
2022-07-27 02:31:49.162741,51363.39510199783,3065.5928319627174,263.96738120002624,93.878798373592,2022
2020-06-27 02:08:58.587697,35515.98771853319,4137.382362874696,417.8886405064948,74.35846456196344,2020
2020-07-13 02:04:39.573920,28322.608386162094,3283.318738395743,191.1432024672204,94.44107186954027,2020
2023-05-27 04:43:05.219238,47415.89033230286,4327.118230559996,251.80380612556237,72.39490726686839,2023
2022-11-24 19:31:58.055601,10877.38158102023,4200.410044234464,487.7223773063167,88.18906097146085,2022
2023-05-22 02:40:25.615987,49289.290227980026,4639.490370851501,88.32753948065499,93.03179002940111,2023
2023-07-08 16:04:38.073725,23403.930402173,3441.3199081831926,56.42364235532824,97.0959612066022,2023
2025-01-06 17:52:45.034247,54692.81134854654,3081.3216407886266,299.3583751421466,62.514413981077716,2025
2020-12-04 12:30:27.280342,51477.97792081584,4985.085949091287,467.77078102250897,24.638918462543515,2020
2020-06-12 21:53:28.702564,49263.028151251885,3500.9579828222495,255.53469172825825,90.55460536188171,2020
2025-01-20 15:31:29.170176,26948.35819847564,3747.0704012800543,161.5019877077472,59.02786564269345,2025
2024-10-05 07:33:50.059933,42882.97972493312,4987.82912552929,322.1794903588787,33.68992109102691,2024
2023-05-05 13:34:27.462602,48287.12934400062,3442.700577522276,211.73064368906523,37.25799853945621,2023
2023-12-16 16:04:25.282028,31630.322546466028,4387.974309639461,339.6295413818648,93.26541749387694,2023
2025-01-03 15:09:48.616160,25739.071080850103,4754.75715551761,54.65481494459882,41.61309733276341,2025
2021-05-25 10:21:42.676731,59482.71153181851,4764.209907756017,378.7245900608604,90.50471609207703,2021
2024-10-01 15:22:12.957910,28304.967338173683,4964.23243570685,193.1673831095173,39.371425589029585,2024
2024-01-05 05:48:05.916958,30116.843265670675,4934.857275265122,280.9452848095773,44.67935144362089,2024
2023-07-26 07:44:42.814044,45688.151305663676,4448.63137106523,189.32226297946767,43.52301126338321,2023
2022-04-19 04:11:44.214597,47765.82845577012,3667.2395324681,458.9740305539139,96.03696195932966,2022
2024-11-04 06:42:40.954142,24074.850542102613,4670.01851643535,426.7330420373572,20.35607467610978,2024
2022-11-11 11:00:02.827097,56179.57343728423,4378.752695736959,307.63342848338647,45.66992826654645,2022
2021-12-18 21:20:26.365483,59743.53095888813,4067.996736591281,402.84352921905395,22.176368393445543,2021
2025-01-02 17:53:35.069315,35050.73912606614,4180.941819935047,86.17406998592207,47.151652490647,2025
2022-04-27 14:10:44.410896,18866.526247934562,3266.6397162674657,294.08828196401737,70.03634303275726,2022
2024-03-24 03:31:09.756109,44067.97711731191,3135.4952251685954,140.93484080520366,44.91693160115665,2024
2024-09-27 17:49:53.335997,33068.39612018553,3956.9962388098397,355.64235150251466,61.57516144931971,2024
2023-09-29 21:15:17.491840,19719.94714601365,3324.3897470355405,389.5061587457332,73.17911932732221,2023
2022-07-31 02:33:28.747536,39408.63160591916,3006.222960707795,331.88448337077915,98.6011904172185,2022
2022-12-20 23:16:31.191334,26386.75363997253,3833.919629301923,470.1091311803138,94.9251030118745,2022
2020-08-23 19:51:58.791515,29921.128039721698,3562.2722825869814,306.2993589673912,56.52777885748328,2020
2024-01-18 08:53:19.730617,47375.98050298484,3008.1747828161633,59.12854300606286,65.81715567479978,2024
2024-06-10 18:16:45.273798,14888.309500095616,4431.685178534438,459.657186107628,66.42412917201449,2024
2022-10-05 05:57:29.321847,10677.312944635145,4203.443154739225,136.78711242992443,90.48904515226783,2022
2022-12-24 03:25:27.877167,39818.31199798541,3409.708080401824,209.89778059977112,42.136739412848954,2022
2024-09-24 15:31:50.089585,33666.91177463922,4441.22454079091,401.32508118841247,78.20200855108041,2024
2024-03-06 19:44:20.829378,23746.459857384358,3700.4082247807864,206.5630016055981,62.68815948998393,2024
2024-11-13 15:28:28.235215,17357.93102155078,3570.3220486036894,328.8541912270177,69.29516202486187,2024
2022-08-21 00:22:39.747579,35767.16187411439,3265.5558651492834,393.4995510831584,85.91856485472839,2022
2021-12-28 15:57:37.335601,24941.49703550478,3443.8962932952422,293.0097275906519,52.03736814058654,2021
2022-05-02 19:11:48.499622,12156.739183395672,4564.304857500024,210.9557749714575,71.62339929968519,2022
2023-12-19 12:00:30.856769,54358.18437904024,4907.6983669554365,412.8299108835684,52.10438320527131,2023
2022-08-31 18:46:29.442727,59038.21163075871,3042.0127954558866,412.3160427682286,57.53645723786597,2022
2023-05-24 16:24:37.713388,22916.781378537715,3431.8926488424913,163.06659181170158,23.210509513465514,2023
2020-04-23 00:08:46.311910,43224.06921448335,3418.713301273435,406.4392738196439,27.738240442638357,2020
2023-11-06 04:11:17.156668,53378.0930533283,3235.5593751846686,226.38186056832023,92.47381345331269,2023
2021-05-14 17:24:08.143988,31025.05396095617,3857.4976052154107,403.0975735226356,73.80061760119901,2021
2022-09-17 00:22:03.440990,23399.300924779047,4217.476292580701,332.8203030607951,98.76092794594523,2022
2020-04-23 14:02:49.543879,49325.8448741519,3539.090175573344,469.94853356272114,61.19710260984207,2020
2024-12-08 17:09:06.686052,25416.45530189062,4208.265161333272,61.61175092602399,20.804582715991693,2024
2022-03-11 05:38:07.075484,46699.228588540274,3224.283304114755,255.4504706006926,78.11066061489848,2022
2021-05-15 04:12:20.569315,58213.371717338916,3201.901754594865,122.2241195034705,40.02167490523196,2021
2023-03-03 15:39:05.752604,29035.115410785038,3896.084156623453,78.53176073777058,62.490314548953364,2023
2020-08-11 00:59:04.655814,27518.265415396534,3384.47611983843,103.3199442628999,69.86001568427395,2020
2021-01-04 14:41:47.226387,41763.81580579043,4260.560203576948,388.4303668559816,21.43673641438257,2021
2021-02-01 21:33:03.337734,19972.63856211199,3716.601393131041,413.0978236840285,98.50627710674244,2021
2023-03-15 11:51:58.066901,10252.827224033048,4240.797481901367,117.66215587430558,22.065613115180753,2023
2022-10-11 12:49:02.315849,45383.712034367534,3130.738234495076,430.5984627249779,61.697962648764616,2022
2022-12-07 18:34:17.865951,36709.12090458047,4507.831267521039,77.85471045213555,60.10994095883328,2022
2020-03-17 07:22:16.140430,56821.12240198228,4435.750468641491,495.9029915995054,70.66103209299767,2020
2022-09-14 12:15:23.903823,35511.83286393176,3149.8891062970615,491.7407336244095,46.66986769882789,2022
2023-11-17 18:36:23.958771,54662.70619727063,4792.60256838235,266.4132578783989,22.524499700594475,2023
2022-11-27 01:49:28.189913,12277.669369746032,3132.8740259713004,496.02535463886903,74.7134791365481,2022
2020-06-10 08:22:02.326624,55842.48374459731,4768.507772742238,64.96513790302856,42.47711186287091,2020
2020-10-30 07:14:10.121039,22724.317364044415,3957.0390260705126,498.0563466965659,63.99003832561226,2020
2021-01-18 05:09:32.318810,16273.013346696094,4612.927577111265,215.35513983800007,25.836858706466217,2021
2020-08-31 01:13:15.877278,45358.88360535901,3518.8406745919406,320.0283843655886,43.714638844418445,2020
2021-04-04 11:30:28.742359,16429.87702429951,3649.033716456039,367.7912399902262,25.66971036121963,2021
2023-09-13 00:29:43.799293,32365.508254253647,4938.92440794083,315.7463658858974,60.394254557394234,2023
2020-05-12 03:02:22.342503,41998.5946412066,3465.514098228975,106.92739191683847,80.27071486027394,2020
2024-02-15 15:20:09.679396,19283.548659388733,3710.0756721045427,219.11625162206178,51.37557288265608,2024
2023-01-08 07:59:29.204099,21054.97263461643,3089.662512677868,293.94139300413826,51.46014656570014,2023
2021-08-06 22:01:47.339268,31567.972256131772,3891.8799571297295,104.73585386148719,74.55777007270575,2021
2022-04-04 01:04:37.819435,30106.038799277532,4264.107731780579,471.8676475272696,33.004495861996055,2022
2020-07-11 16:15:48.539874,41052.742191289464,4170.563505850554,189.7146583872265,81.38378678433281,2020
2020-04-17 02:44:30.935572,52241.656427356604,4221.736650186463,424.79609211955045,55.74768437367126,2020
2021-10-14 16:27:47.561200,47890.409542536654,4546.749981589192,348.44584289662237,35.01619472768229,2021
2024-03-24 09:36:05.141286,28869.71704126089,4941.526561227903,465.4206538362697,81.28873065390144,2024
2020-05-04 15:26:18.018426,31915.3897724269,4519.114524682411,427.53122122920934,35.64798902580874,2020
2021-11-07 03:45:16.530680,23717.672374203394,4302.02153097247,261.6744364898865,33.03535832928213,2021
2024-06-07 07:14:51.443131,56230.544683853324,3337.7676341197516,318.90241345975045,57.814758872925076,2024
2020-02-14 01:55:38.330501,55352.50176703245,3716.9641893534417,230.8038202147787,78.68937707253163,2020
2021-04-01 20:40:30.212673,51324.6720929107,4543.52665998613,422.4321091653285,95.83504679015732,2021
2024-12-19 18:17:19.680387,42617.77744157224,3196.4816758373317,122.60588784648562,53.68198310814657,2024
2024-07-25 06:39:49.225844,18624.435460698303,3320.19507159767,55.71390988763619,38.448204101966105,2024
2021-09-14 11:47:23.344594,47602.67099088356,3253.987578319836,428.8700932802682,82.09330132041246,2021
2022-05-29 20:13:11.613804,38726.18330620011,4483.07874221477,324.3640141490696,74.00238491201625,2022
2022-08-19 18:31:35.326437,37104.81132596548,3825.4226495676676,346.03874347481394,36.02578955759867,2022
2023-08-26 22:17:52.079351,58704.222088496615,3096.717369069589,73.13814047075354,49.842810182268956,2023
2024-04-25 15:36:07.681461,29281.937919345404,4023.1871152821964,61.02550961179285,99.74342054526461,2024
2023-09-20 07:02:45.725125,13015.297947310846,3757.608139848865,248.8879895366329,99.63341246714792,2023
2020-03-04 06:45:04.176215,39340.65486210398,3474.9689503790905,112.9657271674397,77.72827952175285,2020
2024-04-18 01:22:11.169073,52904.01932522153,4112.109445242259,122.55396909139976,22.606283334414847,2024
2024-09-24 20:16:21.666782,35397.05765331656,4299.203937959473,198.3479167291642,22.14594989178691,2024
2020-08-07 01:49:25.481105,24677.250238311135,3168.111526202162,161.1524338661256,70.1840269308873,2020
2022-03-09 18:09:58.654469,29467.95240036238,3026.301590162345,120.44617534798365,39.42393253706524,2022
2022-11-04 04:22:58.627184,22464.71180255073,3688.560972367782,464.11390266819757,97.94539983967464,2022
2022-02-02 16:39:53.583042,37117.228852482454,4859.210999087405,312.35001282172794,86.12230509646014,2022
2021-10-12 00:45:43.909026,50119.185001753845,4292.9519418876025,170.30433743608415,87.15180730133068,2021
2022-04-18 12:32:27.392256,12486.977225724557,3424.927636313334,359.61268871189503,37.590756194991016,2022
2023-08-27 17:27:12.212840,39239.012145093104,4615.980119463448,481.4086691516433,46.99941369823563,2023
2023-11-14 18:07:49.874075,43602.84655938797,4323.580456213318,402.142971947171,93.22381064858186,2023
2024-12-04 18:59:34.352419,48667.06424653466,3593.68134687793,499.90454767435097,74.80881920176674,2024
2021-07-28 07:49:14.223849,36876.07197124476,4402.480023209359,475.6657018174204,32.32249888199357,2021
2024-05-11 13:56:32.832619,26220.885181815087,4604.526475974869,495.5582277227927,42.720360872169685,2024
2022-03-28 02:36:12.775583,44186.27691536264,3130.0605296609583,67.8612908031623,69.43383108356795,2022
2024-08-22 06:05:30.475395,12038.571053870131,4679.113582854605,272.18014246587916,92.85988620821996,2024
2022-07-02 20:23:24.765608,56987.29230574819,4103.337785997712,411.68960828358075,37.72935506253668,2022
2021-10-05 14:53:52.559110,46118.228181374005,3024.20301260871,389.5823470523285,36.88032387407556,2021
2020-10-27 21:57:42.447241,27189.516321468018,3599.0760831068974,169.4055737755915,71.39167837899626,2020
2023-12-11 19:32:23.274989,33834.76908873112,3463.9574331028707,411.1955434330404,23.990212827562516,2023
2022-09-03 11:05:05.160638,30132.40445456748,4039.4652263366215,158.28282663730022,23.53060531849673,2022
2021-06-18 10:52:52.941910,54674.13730189582,4268.520863003012,76.9039062065349,99.20085272882082,2021
2021-02-17 12:07:53.080609,32361.062412243038,3388.2390671828707,399.0086210151253,40.67280156760368,2021
2021-08-15 21:22:38.244836,54707.31403970577,4852.980819914225,355.6268351345835,49.360372512257236,2021
2022-01-17 16:00:29.629315,43151.680071475035,3561.1041805366403,249.69016030057347,28.94014833223448,2022
2023-12-22 08:37:25.558637,22262.401802873934,3929.9898239761405,464.55077413032444,27.95365798962985,2023
2023-08-04 01:11:56.506521,26434.745056734057,4636.103833596098,362.0454697503667,68.75331083921505,2023
2020-01-30 03:20:57.265335,16789.73735945792,3541.4080398588726,124.04696534335943,41.28323671467438,2020
2022-08-04 21:24:12.597883,37521.22766916239,4201.406855114823,410.5603486799236,48.50371080427334,2022
2024-11-03 04:54:48.605193,48649.07664880739,3715.245879767457,383.96489691369686,87.61008578530898,2024
2023-02-13 15:33:41.551137,59577.27423869826,4204.920135314103,444.76236656114327,66.15357330235005,2023
2022-12-26 11:55:27.055348,34097.43503493008,4538.267231229191,193.816322160995,36.02222627098921,2022
2021-07-11 14:15:28.382763,24606.806284588107,4035.5837926115564,131.3545861325961,54.45003829129006,2021
2024-07-08 06:13:22.349567,54443.0451940278,3948.8585467986923,130.2103193002981,94.57762692523103,2024
2022-07-30 16:02:55.608641,50872.34909452406,3077.017976819209,386.1563314848006,72.41841732386331,2022
2023-03-21 18:02:28.461325,52051.47799665641,3665.475523545717,92.10732093977418,97.83943174552505,2023
2022-12-10 01:15:35.008681,31752.217953511994,3843.9932706536733,364.84224584433707,59.80776898413944,2022
2024-08-16 10:23:25.393308,30508.391004666304,4611.772423738578,352.2757110279187,60.20210327230538,2024
2024-08-21 01:08:33.887279,25562.421676241815,4375.8811349270545,60.44775452013856,58.14391698936958,2024
2022-02-04 18:17:19.372313,41700.8517700205,3256.5793973652353,480.72445026508024,71.61809233298172,2022
2023-03-28 02:15:55.442082,15174.572137506995,3966.73092483947,232.50584656307527,65.19306049444234,2023
2021-04-20 02:44:00.852962,33816.361145579795,3908.0741931214507,487.850519842647,72.36956303731894,2021
2024-02-16 08:32:48.545818,54111.17932128156,3412.2923303248203,231.0035297931946,36.42881966794658,2024
2022-03-31 20:10:01.892326,53375.16253181045,4734.916750240254,379.90599933661525,34.06244311786135,2022
2023-07-06 05:46:03.122492,46439.2355348721,3763.9208172596173,280.96439535287186,39.84305956186417,2023
2022-04-26 06:37:29.984553,54685.707559190305,3836.9645017975004,370.5097019414934,76.54952061595188,2022
2023-03-25 22:05:17.733964,50589.657033875796,4564.115276013393,445.84928238089105,29.17589679588815,2023
2021-06-12 11:41:42.604912,30163.329903475635,4811.632740258103,178.49630017909726,25.798399728630514,2021
2023-04-28 19:09:14.920551,51545.52225492392,4380.893771644465,122.14384178983944,35.13606667955945,2023
2020-02-25 20:38:48.881334,31653.856831180117,4095.4609509018887,265.79777706376814,96.48547671154545,2020
2024-06-27 08:31:50.421644,40883.62067071223,3754.299970214519,92.5371496057407,90.77143373359672,2024
2022-01-21 13:19:08.079980,55242.17362961656,4097.620341384396,291.78917616455215,23.738422988100794,2022
2022-10-29 08:20:58.188174,43227.1841048328,3489.710663470451,160.45357960870672,20.386916893608984,2022
2024-05-30 23:25:40.319254,52348.59754839173,3873.28331462332,240.53019200775805,64.11241287078956,2024
2022-09-06 14:31:25.950163,42832.05705773929,3740.998032515415,284.67595204672574,46.12032718587854,2022
2021-10-12 03:04:06.551218,18422.090534191615,3030.551820947622,268.5609847722659,51.95655873266765,2021
2020-11-03 11:07:14.229921,44867.78830462409,4803.709298454658,112.3702321198043,78.89965235735498,2020
2024-05-29 04:31:01.093145,52996.05265371395,3971.3800688086944,388.1134359575399,42.11562888795811,2024
2022-02-16 23:27:22.435302,35674.471295960975,3002.7921038795484,292.77266689420037,99.7439142947126,2022
2020-07-08 18:43:42.877868,35497.76245722799,3994.0774437713894,170.16806011246004,22.734694842574434,2020
2023-06-26 14:23:15.402316,22661.74057748619,3334.5783244319036,68.12816671998092,89.64661017344429,2023
2023-04-15 02:30:19.556857,37295.00609638418,4234.566689964989,362.74324408496426,65.76625352308298,2023
2024-12-04 13:45:14.537129,53360.2660874738,4394.046428361322,494.04203148387774,20.165457082415365,2024
2022-04-30 08:59:10.028460,14441.879080752964,3956.9117622579347,57.15483450865978,98.17703176602089,2022
2022-04-14 20:32:53.344836,42644.86619325225,4008.5229214826295,406.21001292689397,33.147196544617,2022
2024-03-20 02:45:16.412625,36400.88031834584,3308.550548725121,88.76269301023589,54.36936139214039,2024
2024-09-03 19:53:02.251613,53332.74761198341,3265.164474114924,391.2372385251219,61.200274353870356,2024
2021-02-09 19:45:04.213346,29808.414270478686,4214.59304687236,174.30387490166044,83.30981155072098,2021
2020-11-05 23:46:37.099357,38578.75903382202,4919.447041983508,440.0673660315051,26.740638343015554,2020
2022-07-06 17:15:49.328184,36291.45111130973,4447.055157662764,63.456180259604515,40.2765175552128,2022
2024-05-25 15:55:44.016101,57000.39767625197,4951.670626333428,69.58363888751484,70.51459052022037,2024
2020-06-11 15:28:46.483478,42834.55541637416,3853.6958420559313,497.1751905436149,99.66586857916833,2020
2020-06-01 02:07:45.936781,27859.629410772075,3089.2708311706124,298.274524748604,75.78717418981773,2020
2024-12-20 10:16:01.669584,37120.31826033407,4447.353725398179,291.1445105516887,46.301358410018516,2024
2020-02-17 18:21:24.085122,48932.50183023954,3175.587845352043,73.32797479797513,34.43982940700483,2020
2024-05-27 07:08:11.378345,59178.256322667796,3689.0776700916163,348.4119708388655,22.59213467094088,2024
2023-06-06 02:24:49.824423,54328.029720701015,4639.104590794253,211.58433738428883,30.888183341387744,2023
2020-03-15 23:47:50.023460,29128.677440476695,4598.372816670656,274.41804454406866,64.12277156817484,2020
2022-11-23 06:44:37.425096,39171.729857793245,3819.5023819450325,232.5479572192866,38.60031801164556,2022
2021-01-19 04:43:54.514139,34919.87995027871,3396.6749206621143,263.0574779268247,82.86445216929401,2021
2022-09-14 14:21:01.345325,26512.78185751177,3415.402361649783,436.06385259594697,82.99059925357784,2022
2022-04-06 05:44:13.675398,14457.993833391733,4262.948752898674,356.63681003069195,20.049094110627586,2022
2023-12-02 08:01:37.498995,55827.638705620215,4923.653697878965,427.2344088403565,48.92112316304523,2023
2020-10-24 16:43:03.377373,42282.23956386255,4159.01325505991,332.69744155462496,58.6010080913791,2020
2021-11-20 05:43:29.251377,55396.14231383232,3678.7417274737736,209.8731976533965,79.36496236342808,2021
2022-01-07 09:32:33.909222,18475.52098710903,3979.1587877870843,277.2715598358287,44.21910495061763,2022
2023-06-19 12:14:31.219567,40547.760453372575,3091.5707620304074,50.91711087853087,83.1044674657742,2023
2023-02-24 23:04:45.784585,14623.841006155017,3833.1209310951162,380.936597515771,61.630654770029565,2023
2020-11-12 18:12:19.098286,18367.377919873063,4247.6683856666505,439.4965362005092,91.41787327881345,2020
2023-01-26 01:32:13.007866,21456.75158481866,4465.92180779045,181.0228188460382,70.78329624229167,2023
2023-06-14 11:38:04.483063,40870.58547106105,4531.09934388337,321.0045644649341,68.29754846737625,2023
2021-11-01 10:05:43.411034,34610.469533010575,3016.7336070647434,391.6970322537514,96.76146952859344,2021
2020-05-22 13:06:44.480470,15503.286515429445,4258.314061763747,493.7219691348002,36.305238425311764,2020
2024-09-19 11:58:47.045961,15157.95342921701,3392.091463302273,378.2903223315866,94.32745358693684,2024
2021-04-09 08:38:20.295840,35828.41589792564,4249.710983590385,316.298469676062,85.52634412758711,2021
2020-05-14 06:12:57.818073,57773.89070803353,4739.251040957167,454.60667054869174,61.773360026228794,2020
2024-04-10 22:17:55.300579,12030.390940127752,3808.139785102036,194.17642646371567,66.46468451994394,2024
2022-08-01 21:57:30.318130,30868.133323731337,4095.9221039605063,302.0398116563494,38.09806087913796,2022
2024-02-29 17:16:45.450638,59561.21476328045,3422.997392707975,404.24350630657847,54.92430504293458,2024
2022-04-05 18:30:49.229975,58204.852867396046,4995.311769406988,78.59889779896058,25.54373527617863,2022
2020-09-21 12:27:41.064468,16577.933479900887,4099.429299765144,452.65808090042714,73.49509234698925,2020
2020-09-08 10:07:56.919365,16149.104270057738,4385.041693943208,166.3020068058952,53.41529398357113,2020
2020-06-13 06:37:30.758644,35845.22975720366,3265.9376781693754,100.98423093899271,87.50745341520614,2020
2022-05-30 02:56:24.458652,10070.772737818497,3018.680581846764,206.1484811482702,46.951801420121946,2022
2023-04-23 08:43:20.077233,52732.781523230806,3781.771158300217,287.4678473514716,90.07572587232201,2023
2022-09-25 13:54:27.669205,39866.315863078074,3686.43612241908,256.60243674593767,67.57094112423023,2022
2021-05-07 23:33:34.959147,23303.650005067277,4114.850500187601,457.7310489255979,51.45308160220479,2021
2020-07-01 16:07:14.208711,27331.715814413674,3301.540480580891,366.87252417354097,21.175061946716944,2020
2024-07-02 16:54:58.746324,51660.82886772919,4266.774205579173,169.90776757828803,42.02980294049763,2024
2021-08-22 18:28:33.420157,31427.63880161197,4815.161567759484,192.41836049578342,83.36643214201791,2021
2021-12-12 13:53:39.043114,24364.232773802138,3680.47519821955,80.46487141995144,60.482581433190376,2021
2023-03-16 14:18:31.384271,26970.811153818126,4302.76573603535,330.7972155537368,30.177401027291097,2023
2024-12-12 20:29:37.743395,45288.4642868946,4106.411447696114,449.4064175186923,38.84905400517201,2024
2022-03-10 15:29:08.071439,13743.20627755358,3554.6921343846334,87.76250887695312,26.677710406520923,2022
2023-02-15 23:34:56.274215,29284.94771160958,4534.629840903051,156.70568350889363,38.05545083552915,2023
2020-10-25 14:36:35.331750,23541.9382746171,3053.3677213881015,447.25648427734654,40.516879449201674,2020
2023-04-20 01:54:18.584989,19766.53443185366,3352.5336908889335,401.89504623802964,23.41931939397396,2023
2024-06-11 20:15:37.864961,34833.10647035663,3707.839275741693,157.38960233864395,85.16524021980698,2024
2024-02-02 17:21:24.857667,58673.24679738299,4018.158754760474,489.6883702059797,61.28908249019986,2024
2020-06-27 06:48:36.736249,31899.701663233078,4126.645387232018,51.087965985364676,80.00205434213996,2020
2022-07-07 00:31:41.592472,27557.39543567123,4222.4555187791975,238.03616100468847,67.70149294658906,2022
2020-05-26 23:47:37.050355,55902.50858973257,4343.94793771034,480.9949452273246,86.09111494010841,2020
2021-11-17 09:58:17.448016,21582.80153383217,4743.165329074979,233.9536259878521,65.20872022503934,2021
2020-06-18 23:46:30.746956,55444.84817010221,3866.622244984729,80.16361070461474,54.362047009529945,2020
2020-06-05 14:10:36.720333,26668.971785160276,3257.1570926292743,327.42214467087985,93.92050814329029,2020
2021-08-01 17:30:44.818048,43183.740767084695,3281.9371990843338,288.8270651305261,80.40357146615167,2021
2022-02-06 05:57:33.427967,15308.062473117408,3875.4584142372755,298.3057757075836,59.63113461340935,2022
2023-04-21 03:47:32.570860,53759.912776348734,3816.978303451667,212.11180832542422,94.85947584939547,2023
2021-12-29 22:13:58.880442,52740.1641896642,4516.859009729282,73.23060439547542,96.5658274353569,2021
2021-08-25 13:32:56.325398,32515.25749142091,4967.9453172037565,346.0925027177789,83.19632180005019,2021
2021-07-20 06:41:01.699875,19607.248133682835,4329.06541112392,398.30202548789583,56.95326235289073,2021
2022-07-04 17:52:39.140149,26467.711261003522,3472.098497856239,479.48942010747743,75.29017539800262,2022
2024-07-24 22:17:37.902452,12598.529312707793,4892.175003051982,103.0867825672492,92.27242597626437,2024
2020-10-01 21:35:17.415381,58930.08433963022,3280.6279628445072,137.85020681924078,77.70116066926063,2020
2023-07-30 01:15:13.806772,43460.10340653181,3459.2571801408635,225.71187413333496,55.7053933695807,2023
2020-11-20 16:12:36.332292,18837.260593406434,3717.546936141252,207.78534651212746,77.58427023583405,2020
2023-12-20 13:59:36.019960,39081.82030966526,3538.8702077835796,164.91203831905756,96.14177429044784,2023
2022-10-15 04:20:09.214071,27236.859772083106,4602.02041115164,121.91102673828287,32.37489437529625,2022
2020-06-11 03:48:24.823102,56401.225431390245,4610.1250927453975,120.66001512292884,48.57916124529126,2020
2022-05-04 20:33:58.805640,36375.307127908745,3878.700789812508,379.25413806048385,59.29033319642478,2022
2024-02-03 04:08:27.440693,15808.042068744307,3927.6061373083853,244.95097664399677,42.49502809535894,2024
2020-09-18 11:29:24.161378,48713.48694623156,3437.802585355031,342.92657107452175,88.3087722643464,2020
2021-06-20 15:38:06.831704,30425.16651845545,3176.6642998552065,348.3197120228593,29.62323606698628,2021
2022-05-12 22:43:03.890161,40291.6694143019,4928.466722835177,383.2368877158954,63.107085650241366,2022
2021-04-17 22:28:12.793426,30331.879177390118,4298.127026333045,135.32071666027207,31.833016679422865,2021
2021-06-21 06:35:31.358957,23062.988571060585,4091.8680542558486,475.6776480321951,66.29437383626374,2021
2020-06-30 20:35:58.068147,31574.38348848043,3332.3733112614595,119.08851244555827,55.76649721631459,2020
2020-10-10 23:07:49.354164,31360.74689493637,4248.828701509298,259.97900142849505,37.63929920677797,2020
2020-08-04 07:23:33.143084,31882.939956282193,3985.9081206164974,358.5375203366637,65.0145750952293,2020
2023-02-11 06:57:21.042101,22278.56776933895,3575.092636804906,278.3948384034839,44.07445032592526,2023
2024-12-23 15:05:53.888263,26477.54508313042,4765.274813512795,157.87101040221444,58.13853746919807,2024
2021-12-11 15:58:07.790808,40896.97539282387,4301.450782831909,229.59038493528763,51.43402023338571,2021
2024-12-11 13:33:42.996083,29692.21224159302,4797.405047679194,438.9325948811341,83.5630288873167,2024
2020-03-24 02:11:24.365345,40455.54749787373,4798.0986836210905,301.3689463461592,29.726013307106935,2020
2020-05-17 19:05:00.289542,33387.13749783656,4179.471242254582,480.45639957728366,58.22733025856837,2020
2020-05-07 13:25:31.490870,57073.95338559013,4406.535725081628,312.896402115668,62.56627380891946,2020
2023-03-05 20:24:21.521463,10566.014017567046,4577.17406644233,473.1068531222142,78.57422963347817,2023
2023-12-02 13:49:41.249602,33093.68703700175,4963.1632655013,79.40661664888096,71.66926013382661,2023
2023-10-10 12:53:57.898706,49661.281482329476,4134.381512469415,167.97367779228048,64.50239211481556,2023
2021-09-29 21:54:24.470071,43320.01765089104,3792.107546767206,354.0136682861085,35.69219648795456,2021
2023-04-04 16:18:05.896811,35784.21682875308,3442.1464952189226,478.47371168404084,83.44994240261966,2023
2022-01-26 12:35:05.539334,15516.992194720788,3144.7763801314295,495.9731464417798,22.678932618962424,2022
2022-10-08 12:24:11.923250,21364.966989301654,3733.6747028090385,347.82273510029876,32.27224184405927,2022
2022-10-09 08:20:51.125203,29310.856809423898,4329.319087027674,465.94739606986843,40.16807308579122,2022
2023-11-27 14:09:19.546236,57337.25252947079,3220.471815009734,402.2190007160766,85.76118474219088,2023
2021-04-24 12:00:17.427472,48203.856511084785,3542.0303825292867,142.91590390366173,36.80324808351876,2021
2024-12-06 17:15:06.015511,27602.033452866195,3378.3187318392315,492.075332132715,71.8535504931744,2024
2024-05-22 08:56:05.343802,55123.13616219482,4027.938224007109,203.2833024603871,30.310109568996715,2024
2023-05-04 00:52:56.582034,17370.0027312952,3964.9107790242006,420.707644903396,86.73829758952014,2023
2022-12-30 15:25:29.823594,45586.12371357168,3165.3373945151225,429.9652785889621,25.430531805438214,2022
2022-04-13 11:21:23.656134,18961.63741358435,4042.3405740357157,265.29739213902934,24.729618483814583,2022
2022-09-20 12:09:11.878894,27975.866999766233,3625.7962614880234,77.61371697957776,73.90885865372135,2022
2021-01-22 01:03:21.337315,30469.16117971994,3172.9472389443854,148.5571977421563,36.87490865614027,2021
2022-09-27 22:15:15.948272,29951.245881120412,4064.8262204602884,173.65269279693092,46.07953569637764,2022
2023-10-19 23:41:52.563173,47914.45943222819,3648.1575685360453,485.5449784128331,81.44719216191275,2023
2020-11-14 00:42:18.377145,56760.31118337982,4201.331334711318,120.35563156094787,54.813785139285116,2020
2020-08-28 08:27:08.913214,41947.39411606002,4343.078257693711,104.66572470647424,78.84414719058272,2020
2023-06-17 06:34:23.038522,28150.272561181784,4458.083766424292,276.6091958027346,54.93422620759059,2023
2022-10-16 05:16:04.560962,14723.29233215586,3543.6660599915785,474.96568378549904,44.481258716391636,2022
2021-09-04 16:55:43.532436,22715.736116754597,4097.965433638332,269.9925273201206,90.32426718445224,2021
2024-02-21 13:43:13.575177,26730.740920867484,3348.325682215832,141.32408941129174,27.13591050477706,2024
2023-11-15 11:29:57.028091,44842.29068752257,4629.553677060283,236.64299971579587,32.15091361398281,2023
2023-11-14 16:52:14.927325,17508.855026579076,4062.78016518826,374.9798269225005,36.6868076502599,2023
2021-09-10 20:48:54.241111,53637.67698438817,4699.232230734795,278.4075847909629,41.763465742347066,2021
2022-07-28 03:29:27.847860,40658.65547891147,4014.640714193387,182.81663753716526,86.9743022001324,2022
2020-05-02 05:30:00.912405,54909.528337643445,4944.822009808111,145.25995913748514,80.71082074198189,2020
2023-07-11 14:56:15.705441,48922.125238438784,3590.810126797649,492.18899827055657,60.273702486769885,2023
2021-01-22 11:36:27.265104,28425.459847901082,4828.078458833585,361.767529587447,83.7692144269613,2021
2021-09-01 04:04:11.196430,33914.58375672409,4285.147971924381,487.84758454654764,70.79814800276161,2021
2024-04-29 15:06:45.515959,40644.20337933606,3077.7419882163813,355.7347807725061,86.55481332007527,2024
2022-08-31 01:19:41.015487,53810.33068913935,4347.825406235328,174.47567972665706,24.95956290838164,2022
2021-06-12 08:06:41.103416,44329.79396022235,3111.357904220928,142.4677854846596,51.34124211499444,2021
2020-08-11 14:34:41.856813,51633.61991707752,4095.5207739627194,278.667901528489,93.99864189196806,2020
2023-02-03 02:12:25.369004,22998.80443108858,3052.495037216338,477.9738224848768,53.878723681869154,2023
2020-11-03 13:11:36.540812,39262.79125684334,4405.316640214193,228.4710638865887,72.51034864679613,2020
2024-03-12 07:34:27.629436,10275.288943933167,3603.774453763897,409.8117350386432,72.60760484645388,2024
2021-05-18 07:13:23.994505,29800.504956929326,4555.00040189036,470.26669419203023,54.41444081998501,2021
2020-10-09 01:07:55.278119,33683.50780449233,3801.6687842353977,372.0694619972871,55.22765657853932,2020
2020-11-01 05:10:10.155226,49029.15487830173,4193.761234211655,308.30733420365056,76.20018495585742,2020
2022-07-22 10:01:05.596938,20469.467472052587,4520.8289334920355,297.04696660960803,25.231033362902366,2022
2023-05-19 18:18:26.505853,17705.584574422315,3188.011382200351,451.76646181016616,83.8119747643219,2023
2020-02-22 10:15:08.431672,52712.17599936288,4034.0958618461136,257.68380027106355,89.06031895619707,2020
2024-11-23 13:49:34.065340,41643.84453207513,3193.785573876173,419.2994021601009,56.35186817555522,2024
2024-05-08 09:05:31.272869,44056.623950164896,3295.08737888709,337.98396404616557,50.15445608787785,2024
2022-01-12 00:06:04.364902,13773.266961053561,4170.321746727119,185.59116678410427,39.858865650879444,2022
2023-07-09 08:17:59.172745,43855.416128488905,3645.5713466100815,383.45247993963415,26.147742578843314,2023
2020-06-04 07:32:29.709163,37379.384956100694,4147.963940538522,167.07876230629066,33.23817162839549,2020
2021-12-13 01:27:13.258678,44564.81497939856,4646.521022045952,475.3813635292589,88.41216280334788,2021
2022-11-30 00:28:37.279850,12885.902354474745,4479.437529417098,200.4630096359973,71.99768498886971,2022
2021-02-05 19:29:09.560386,59711.701714453244,3489.875466013874,458.4719490197457,35.07653215613344,2021
2020-11-04 19:12:53.424368,53167.69357328678,3089.5964739094343,438.46059876658757,81.454029233368,2020
2020-09-09 16:08:49.917308,54667.843139365374,3062.195827937826,250.3821690849554,66.6833065948921,2020
2023-05-23 17:00:14.470674,42656.4147606522,4311.052599395203,269.57568974612064,53.199341777780944,2023
2021-07-15 04:12:42.490552,28536.123685413004,4907.201161911766,485.1625947870027,73.01754907862951,2021
2024-06-16 16:45:38.622644,48027.68466969081,3751.2038213622245,337.03272790050806,60.19611193191116,2024
2020-12-08 13:24:18.751910,41025.315685158785,3152.176781256079,52.241301288066936,55.27936530286391,2020
2020-05-09 08:32:03.025361,45885.505117035245,3997.0058052828017,434.33432821349163,53.09789637389897,2020
2020-10-25 09:15:55.957070,12531.2866924598,3512.3714781995895,492.14921091939766,57.88039748867844,2020
2022-09-14 13:04:09.795054,35374.802960590896,4654.285041146729,388.13658319710265,57.28522792414658,2022
2020-03-27 22:33:17.542981,53839.56754577832,4078.588746640604,217.14033300510243,91.31860175936356,2020
2023-07-11 17:16:07.236755,39759.11550544672,4593.480023893855,342.31442507827643,72.52957839686162,2023
2023-07-26 12:34:59.250123,26169.821299709496,3400.4915994133903,151.33209586068327,97.62346831923195,2023
2024-08-30 18:27:29.341100,35104.86308334861,3593.542537113256,403.16447713224267,63.259396269974424,2024
2024-05-02 23:07:13.347335,14755.916115105541,4280.24310948116,218.51939586177446,94.57407650373105,2024
2020-07-25 18:24:21.852878,51453.27501975281,4923.007808962425,268.1294692751914,24.373560175988203,2020
2020-04-18 13:26:20.978554,31746.227337495668,4716.919070262199,161.77381212642905,89.41543382346113,2020
2024-05-14 05:23:16.143448,28121.941791044123,3683.3697045103963,120.78337216845703,45.61448228276688,2024
2023-10-29 03:57:28.469378,52069.08145469422,3613.0620668305305,340.586242655332,96.4150363144104,2023
2021-07-13 01:42:23.335835,40300.37473254461,4473.529112746675,293.49049154958436,92.12280848610692,2021
2022-05-13 01:38:44.802373,24230.174944477512,3744.5494318847723,370.2351231180779,97.18313164718411,2022
2024-04-23 06:51:26.590820,49174.41382551827,3460.918558427466,430.27169914240693,51.884997041105684,2024
2023-11-12 17:53:51.383284,47754.74957883129,3268.8469766489075,368.8745380772529,39.659642062329176,2023
2020-09-11 12:11:25.224651,10194.37993598086,3290.9432627690117,110.05083295633952,57.339968026382934,2020
2020-04-24 00:29:04.259902,31822.8273838547,4686.560485860124,102.26842561470222,99.9665288088475,2020
2023-10-01 21:59:19.447668,26106.675752258474,3745.6371220063734,457.4586385768146,83.76041627077556,2023
2023-09-08 01:07:24.104574,42570.55374397381,4261.330941758478,401.64141608924325,74.27840074001017,2023
2022-10-25 17:11:47.914762,26286.309661785934,3963.6198287144525,157.23968712904804,87.15902417616549,2022
2022-07-10 07:41:04.640598,24141.113017808697,4546.263390647303,276.40596026881315,72.12855496288073,2022
2022-04-11 01:30:08.144268,56455.32958470175,4768.919197055797,86.92473659620836,36.51618507870004,2022
2022-05-23 13:00:31.324621,17703.464078598754,3705.4903172755917,321.47489998421463,65.97093480683967,2022
2020-09-24 11:46:51.619851,41181.457000330876,3359.222715216584,257.44433826735616,90.39103545939888,2020
2020-05-21 06:45:00.550490,48071.5534917064,4321.035293527681,246.0047352132799,54.092580905673245,2020
2023-03-31 06:57:20.160408,13422.222458698592,4405.472110041541,122.09622690539082,22.884129426447455,2023
2022-03-06 01:28:57.821836,56083.68070538919,3514.2754512107053,388.8067932683218,57.22846713066373,2022
2021-06-16 08:06:00.141485,55766.062069323,3704.3794108796556,409.667216279244,28.182982389526636,2021
2022-09-24 09:52:27.128176,43886.68557918408,4422.826860778716,257.8309357855578,27.2251531697879,2022
2023-02-12 04:39:16.905524,46473.995567858285,3523.418091170965,359.792488068954,77.64853976884206,2023
2023-10-30 13:50:01.554689,20330.35275612279,3044.494214009828,74.2228873404259,89.7827188102592,2023
2020-05-19 23:01:19.458460,33235.89229031985,4868.358499087263,467.39581108910215,30.770596769098635,2020
2020-12-30 23:39:13.466394,46840.31844779235,3171.4600377632687,243.17173264523788,39.656318704696545,2020
2020-01-31 02:19:47.940280,15776.23378919137,4580.547493320113,270.1172185780494,86.12191490555193,2020
2020-09-15 16:52:52.374478,28510.33961125545,3150.0145564491822,139.13788323885854,47.80572440348649,2020
2021-11-29 10:11:23.633250,59689.54725486665,3389.389535515634,153.84600890414578,96.97958072809402,2021
2020-03-24 10:07:30.278699,58158.54134639268,4028.339000679069,312.97161726248123,31.382346447258975,2020
2023-03-03 16:48:10.036895,44536.950939209826,4860.168219204313,432.13103283920685,42.71184254997892,2023
2023-06-08 04:16:53.910988,34901.96774026392,3058.5077608610504,296.1777644337493,95.22071548972907,2023
2023-06-01 08:23:41.940646,30020.66796450972,3224.9130687493257,478.3309536262018,34.35106453977927,2023
2022-12-02 23:46:17.191876,32385.741349908556,4243.324970591865,278.81961812646205,31.36987071040022,2022
2023-02-08 06:06:29.150655,53430.523252384715,3596.17915690236,100.79708153585831,93.39294436946217,2023
2024-02-04 07:43:32.171210,35163.880123957744,3480.7548691249754,466.3358342859787,35.32134596267805,2024
2024-02-18 05:37:16.866504,31623.08008798327,3936.8158018490262,240.6507993810611,27.533778917086835,2024
2024-01-15 18:41:54.687964,29343.949484425542,4658.2675903492345,424.1779273964918,82.65916015140824,2024
2023-09-09 13:09:31.310902,37500.24947223875,4714.170561690784,338.64494339272454,37.65274892518897,2023
2020-10-03 08:07:10.679243,51398.52537337294,3261.7466296587836,391.5288884807178,63.415788961412744,2020
2024-12-23 06:08:22.719032,22635.795953609148,3496.0552532559286,100.48960599184309,23.569827469328715,2024
2021-01-22 21:51:45.952000,38332.96726191226,4951.318534413356,264.78387562475973,62.39477520644698,2021
2024-06-30 00:08:07.779263,59838.73133708623,4494.260052322465,206.55880931535785,47.76678208269062,2024
2020-04-04 18:17:37.265207,23637.640676167044,4403.057733170557,260.27785206129033,50.38790238699565,2020
2021-02-08 15:13:42.577360,28814.80475684624,3741.281842430132,86.90202720045909,57.68044079476453,2021
2021-05-15 01:11:41.872722,37824.28526894,3730.1061992468767,54.98355881910101,26.779853219643357,2021
2021-10-05 12:21:16.974961,48787.52449060094,3193.4012447106943,261.455955618556,81.17792388731237,2021
2020-07-13 08:17:52.556184,38002.03722039887,4232.852968841445,414.49031816184254,31.270928560859552,2020
2022-11-21 03:44:56.405704,57893.9300642021,4888.363506433587,123.80648647834062,56.811544709104595,2022
2023-03-22 13:04:23.225849,51418.933189772455,4840.111240598768,313.5467717839655,72.47927233222477,2023
2020-12-03 16:05:04.985196,35624.84593642628,3914.1858034699203,136.3524749521414,71.79700337403311,2020
2022-09-03 07:31:42.685954,42302.47434780273,4925.754842444842,239.60948783210247,92.43008966698756,2022
2024-07-20 22:51:58.307694,29523.431189102146,4629.653422426426,477.0195309177083,54.5894831708307,2024
2021-12-29 12:48:00.468093,45206.95854162314,3447.767554567476,451.143406849478,93.74198073822879,2021
2021-07-10 02:42:21.977630,46980.90135267715,3614.4349456509626,61.564349033145355,48.94732451698302,2021
2024-02-20 04:07:50.050411,32965.17853065973,4909.292492620543,276.43233815935434,79.86101412668812,2024
2021-06-16 17:36:42.004214,33753.861808178706,3907.899345644921,365.6621796077684,65.20027457461484,2021
2023-07-27 07:06:52.516758,21440.917378405276,3856.910742656161,108.08269736635033,63.21464111199596,2023
2022-02-11 10:08:21.169840,50925.489674319266,3066.684654618993,142.02526274549422,34.625917142417755,2022
2024-02-12 01:31:47.150035,24946.289238605867,3209.7316655839923,61.99938921787025,30.77958683132725,2024
2024-12-03 16:06:18.206149,35154.13267950359,3217.5278783100744,355.99440136371334,82.47629533217503,2024
2021-10-21 03:26:00.373134,24106.119163870335,3714.3441122105346,97.6320395462183,63.98626705077067,2021
2020-02-27 09:10:51.438981,26643.809973067404,4903.1919482519825,247.7109448584705,76.56949044118981,2020
2022-07-11 04:51:45.763210,56077.857349126934,3553.9799751671403,202.14388035874498,77.94543123971216,2022
2021-07-12 15:33:17.978239,53157.79449343982,3232.035446452365,193.99700603362461,64.0695780352197,2021
2020-04-06 23:43:43.517904,51657.14479455269,4193.078665274366,166.96973268721675,28.133945728327685,2020
2024-01-28 18:48:33.824025,10247.955595976546,4564.318186636546,74.2537560869037,53.74332110739645,2024
2021-10-02 03:17:15.474744,59473.840912601925,4204.292822449268,267.2911319282524,70.17461496691233,2021
2021-12-22 12:45:09.392576,41661.36370025092,4908.3453411124365,289.38806894937215,39.17807562137093,2021
2023-07-20 12:16:54.346884,37000.03357153367,4859.946355092432,331.2161304303388,41.34461570831425,2023
2020-07-06 04:58:59.222272,25090.1953303613,3742.024397617324,152.65977318170303,47.78636775676934,2020
2025-01-18 04:11:51.153971,26070.573518378616,4683.135322055945,246.79203458466483,50.20158980562553,2025
2024-08-31 03:27:34.515437,51776.58405606925,3951.255340061961,165.7349628892564,44.227508144431184,2024
2023-06-09 18:27:16.086382,41012.443356317584,3525.2702824070248,337.7819381029266,70.54334736812932,2023
2021-07-12 06:07:04.806012,26001.6341469294,3791.080855728254,72.2582223642437,51.638558807423365,2021
2023-04-16 08:18:59.966656,38248.08878430087,4910.917791122657,313.9343606698894,75.80536574805905,2023
2024-09-02 03:58:11.041097,22992.30371546776,3475.477542086899,494.8611620175721,75.69097720870435,2024
2024-09-03 04:59:52.577019,58378.869823427856,3333.113661533021,301.8872471244315,58.41885245665311,2024
2021-03-18 14:23:39.600322,24320.41655558771,4051.829749410916,404.40071890640195,27.311208217447582,2021
2024-07-06 02:19:37.958031,16181.826969148186,3484.9769769623827,346.99867780471493,39.413659035642326,2024
2020-09-23 06:36:27.674010,45768.14518759195,3340.0606234133697,78.64608295443679,88.13687439059181,2020
2024-02-16 16:24:17.135305,27698.723757931868,3237.6739335660804,87.39176175038092,75.81961795583268,2024
2023-01-25 18:57:33.953187,45237.422292489406,4678.104017959933,297.05237016361673,69.2004210883141,2023
2024-08-07 11:16:36.251012,15432.337670148325,4112.366848288586,254.6420244912489,69.99193943565857,2024
2023-11-08 10:07:28.684782,59677.529669085,3604.3300822896827,330.94657134760007,52.256574612482936,2023
2022-07-10 23:21:46.696300,39306.64797745296,4205.824007573064,51.458510156039324,55.41317797242763,2022
2024-01-18 16:02:17.175707,27878.02423387921,4375.420244789168,394.08178310699907,40.27726727323835,2024
2023-11-11 20:29:35.347443,29779.44510429504,3932.475915647396,372.05103102039277,90.20573768816398,2023
2024-04-03 21:13:27.070444,57127.356204558775,3755.5465202751884,153.04406282246305,25.148430090641945,2024
2020-11-15 07:27:37.281543,23693.026855726355,4950.306760288571,201.8715848252214,57.93174592797563,2020
2023-12-05 00:29:25.113815,41416.28831369911,3576.4552968175913,434.976248633449,22.35357073625937,2023
2024-11-13 13:32:16.671151,11859.42709044689,4643.113675764721,422.0461233962343,81.27023390872284,2024
2024-12-14 23:05:45.961003,42859.37968418775,3027.546217993376,228.3778055585946,35.50863847108935,2024
2022-07-06 11:16:30.510389,57266.12590141599,4140.587846579792,441.0082876281962,43.692511716363676,2022
2020-12-08 06:26:08.217134,39985.96768496075,4150.936701263073,106.12399807932206,44.63910718499578,2020
2021-04-12 23:22:20.223265,25818.703923317793,3693.695269561754,463.1305355771884,67.06478636381242,2021
2020-10-02 01:56:58.851454,33918.98935597103,4029.9763868371956,200.3537275676765,31.064357234391657,2020
2022-01-16 01:51:28.753507,16188.364381518624,3730.482124272832,369.4401104297367,23.477583544070484,2022
2024-09-05 01:55:02.933990,35208.579340937955,3875.578694456357,405.0904544476402,89.15440683301613,2024
2023-07-28 04:08:23.214164,39920.64014185264,3889.7088394790967,348.2663909960394,96.10727567369658,2023
2024-10-22 22:21:51.907649,45063.12395206797,3405.294859486802,430.96853585630936,56.45252521752917,2024
2024-01-06 09:31:58.817791,38202.758476890194,4489.957882418697,274.9371474943261,33.16729266402062,2024
2024-10-20 13:08:50.092327,26921.15230896035,4332.400739801573,333.7571672825001,45.82051336819995,2024
2021-06-15 09:54:49.150718,11525.993494166556,3051.0791347296167,106.79621811083078,41.01586035414441,2021
2023-07-06 22:17:19.955862,27303.15808471113,3245.0703273172476,275.9054097578064,47.30013848886044,2023
2021-11-22 13:28:35.128050,29149.589360287973,3008.376955122879,270.06029785044024,55.748076603245806,2021
2024-12-19 16:09:06.358751,35704.958000870436,3277.4524936656785,367.31198407836246,78.9544298771336,2024
2023-05-18 10:25:30.950427,13225.72629415453,4947.317008684538,74.83563551063055,48.167760894262145,2023
2023-04-29 09:40:05.941858,40198.64762239889,4286.174647130004,479.66186411366465,29.634711702809405,2023
2021-11-12 00:27:15.808387,22703.76063189409,4243.534026423351,338.9675553584202,20.526314081157764,2021
2020-12-12 03:27:19.643715,31799.680815847332,4926.452423731156,160.42730906913755,66.59413212167505,2020
2024-12-22 23:51:53.310151,34646.16462969191,4518.660067868279,401.8858411479503,55.6659836000608,2024
2024-06-05 07:14:20.684988,57630.47361518589,4848.750420121483,89.75095824209374,27.48396297463117,2024
2021-07-22 11:58:39.166298,36429.5477003783,3754.229063767219,159.44897395458094,29.49682523395529,2021
2022-07-26 11:17:01.654809,25571.010893704566,3893.4680498174635,58.468386150682804,27.116460990425875,2022
2023-06-08 20:51:45.412496,59897.377536741784,4591.496476649997,201.38627047921253,97.84960030885264,2023
2022-07-03 11:20:50.952455,19609.48923615583,4459.878300887141,288.47949417780023,52.052012772209736,2022
2020-08-30 12:37:27.737696,43963.1225270628,4032.49152113749,251.0035494360819,72.64101624398938,2020
2022-08-18 11:14:22.251726,10509.13283213735,3402.424119671834,460.14035472923075,78.99850023731929,2022
2020-09-09 07:11:55.176152,48781.99517116044,4194.9990116817935,215.1997592253695,91.28419975763775,2020
2022-03-20 01:26:34.383870,18770.141595782334,3569.210607838746,291.87222462842834,59.4747959532731,2022
2024-06-29 17:00:21.969951,40683.14244868627,3997.534327402275,484.74421768086376,73.85317041347467,2024
2020-11-12 05:11:37.448995,51424.50765925093,4576.327211205367,67.15045525319893,54.19981166720611,2020
2022-07-14 09:02:36.530677,58979.09719763843,4588.516440573259,102.41070055421591,70.4002037055059,2022
2022-09-16 20:47:03.429505,17062.42650506192,3035.28959359826,349.18014461175284,23.90841401477692,2022
2022-05-12 19:06:33.616459,53417.96242148182,3417.2871421428345,239.96530210599371,66.52414993869061,2022
2022-01-15 05:27:21.745465,55936.296940229906,4912.685468735252,80.30417790322099,93.19275603881734,2022
2023-12-08 10:23:01.532419,38706.87002587665,4915.528393473758,59.22119561841298,46.70061397702242,2023
2022-07-02 23:25:16.511642,22033.174338317018,4421.6383008892835,179.94763229597,29.494871548185024,2022
2020-10-18 21:29:55.823773,21941.357026364843,3965.554789282026,260.4405874163692,58.609877157872994,2020
2023-10-25 18:21:18.498592,50960.22250032957,3907.3407980718443,270.3726689948297,82.11534942351045,2023
2020-08-01 09:10:31.626607,32233.394230997343,3105.194413763169,347.2965568245532,26.924629658825083,2020
2024-10-07 03:23:16.503715,44871.10857864681,4935.97456049419,184.0038947808264,95.69381386291192,2024
2024-04-01 06:23:00.650949,36399.78220732936,3081.692815842894,446.8941594110797,37.50591318449462,2024
2020-05-11 08:28:40.688560,21782.89629127503,3511.857200444506,306.60923149991373,76.67810923601745,2020
2024-01-13 11:39:06.412353,29151.426281440614,4418.876951385035,478.5925833761281,56.91337287560984,2024
2021-01-19 17:58:51.213580,57860.67734387689,4248.9023343442805,446.0192851830044,60.66650204677369,2021
2020-12-07 15:01:07.123388,13479.020486177025,3396.349529031339,433.2222004324827,77.47078289354444,2020
2022-01-21 22:04:07.037018,40772.429202288375,4155.705241242611,328.3994301506714,90.62651190735633,2022
2024-11-23 21:44:55.089126,54294.19126420758,3586.27573530079,338.2765229952094,84.1837947407515,2024
2021-09-13 17:21:31.488648,13405.444217735832,3206.880294924882,257.77847517808004,66.69420984945549,2021
2022-07-10 16:56:26.764365,32169.387949292886,3159.0210460857766,78.6515592205741,58.05099450262054,2022
2024-11-04 12:48:00.684103,56723.50638983732,4126.106080831199,263.4033308869118,43.19627352662161,2024
2021-01-06 09:31:16.290648,40986.000824897535,4512.425789559226,232.44551073988524,93.0606652217896,2021
2022-03-24 01:01:55.992955,28367.300451856983,3435.9973194610584,56.37321289110358,76.89541370975681,2022
2024-06-20 21:36:08.602043,54880.03765268321,3877.5269710654497,397.26561238977916,23.85367838124786,2024
2020-04-05 09:15:00.065167,45882.39433736362,3711.714789460845,497.2587954263962,78.95772621973518,2020
2022-06-28 21:44:58.347834,35312.05595848257,3232.5028954264476,108.06966513580431,30.619801762035177,2022
2022-03-03 14:17:28.007026,35669.460575345794,4354.305119800581,385.8552199311428,30.38041822933647,2022
2020-11-30 07:17:02.700696,17313.093198364484,4428.624708652227,231.92600240130238,75.16378312147708,2020
2024-09-02 07:42:45.170605,17551.513132981163,4695.667399324899,137.02742859856093,61.11182410315684,2024
2021-10-07 16:39:57.588664,19272.37008686371,3050.8915577058656,192.58643587909958,45.81984321746895,2021
2024-02-27 00:52:16.871826,41217.83584337093,4609.89210518127,249.25955853571617,75.0392888219405,2024
2023-01-17 01:08:46.185789,33702.78287975545,4366.232067871373,456.14134633809823,78.82012628316846,2023
2021-07-01 17:26:23.300002,35316.88048370783,4533.599622243189,97.19210429071478,67.3399380616844,2021
2020-12-20 22:54:50.152659,52591.18348608246,4395.433170560475,149.99478084316792,38.18672304204435,2020
2022-10-04 14:23:06.679882,10664.902722960265,3821.535898505067,357.4911711307754,94.34033205058907,2022
2021-02-20 04:32:50.841780,45347.21212105755,3451.817801073089,112.73631508200046,29.011099653775723,2021
2025-01-18 18:09:15.561389,49419.37428518605,3905.782058354999,96.0584406098854,29.01827147893515,2025
2024-06-05 12:17:40.304685,39350.49240250315,3297.090338752732,366.0343850968299,99.45037998739691,2024
2021-10-02 21:12:51.499712,17376.362059094805,4752.547682618287,86.38076525495453,55.34804373728976,2021
2024-10-14 03:50:23.793495,40812.86426782253,4225.909875874551,148.99176906606323,62.95533352664863,2024
2021-01-19 07:46:37.468726,21563.019862762936,4723.6849555184,64.33927932519498,33.778276482756866,2021
2020-12-12 03:04:28.349121,44933.472462472004,4521.864123482435,116.62007016296693,38.68718402073253,2020
2020-12-08 02:25:15.971262,21703.503695042466,3307.6273651295755,174.85354139861758,43.82026251053644,2020
2023-07-30 23:13:44.064661,20329.934875945073,4590.183855103998,422.62272463843425,39.3710533663456,2023
2021-08-08 21:41:59.897031,29336.032152696942,3704.8278243311206,80.81540252061608,92.8580811074736,2021
2020-11-18 19:39:03.530612,53019.013382934296,3544.711048393027,257.94877722437036,91.46559634032586,2020
2020-10-26 01:29:27.613943,18625.13389105155,3532.5613091053447,124.22011280835387,27.58344175929104,2020
2021-01-24 14:18:52.287568,56960.50123292601,4544.205088049799,307.2370496374473,95.13693463280111,2021
2020-11-20 15:04:31.436286,36628.3040834718,4937.511948492978,227.9746035802059,62.44992864900749,2020
2021-05-25 14:36:44.123223,59656.270442208355,4989.527706975875,74.62424014051533,90.08322703572065,2021
2022-09-26 09:18:05.418589,10113.008561867522,3578.25810111422,377.4067108546732,43.811182550798605,2022
2022-04-25 07:34:57.773019,51818.19902106012,4467.050725348656,399.67578516056324,30.24972154016938,2022
2021-12-07 07:20:37.172205,18651.06314721197,3239.0245336865587,469.6595343336675,64.29527723559366,2021
2021-07-15 02:12:16.369598,34061.69198212589,3373.9655366732545,228.62826925348674,34.59941320485686,2021
2020-10-14 13:50:42.241166,19074.944966817464,4283.8070249629045,387.5079123287581,83.26524755951479,2020
2022-11-12 21:43:39.685441,22091.585645002317,3387.4404128136557,252.1630712280412,24.808780726456607,2022
2021-03-21 23:43:49.516339,22552.843551017784,3856.97144134558,208.17729129010468,40.45935498385258,2021
2021-10-27 01:28:27.587953,14412.488576645885,4161.194259994522,385.949918797079,38.62837288505405,2021
2023-06-10 19:59:16.088509,11651.62374435442,4495.509507133836,151.2567251723432,86.9095808228932,2023
2022-08-06 08:42:23.643842,51662.07840454657,3018.1701357384886,58.33701629093656,37.9504940364417,2022
2022-06-18 19:49:24.712827,32359.62009223991,4912.795893093646,142.68725404533876,86.67636929732565,2022
2020-06-22 15:10:24.984360,48908.30925241494,4554.544746591809,432.54786108445825,95.88017211988533,2020
2020-12-05 06:38:01.142483,10030.522059355737,3067.0549459880385,420.36843650560326,33.365184926569356,2020
2021-02-07 10:35:43.644779,45910.176668730615,3679.141665435702,288.27667949025783,48.93818451560941,2021
2023-09-11 13:27:06.230273,33282.28936918618,3398.967780722465,164.82067412798636,36.73464196331164,2023
2022-08-13 12:56:03.616665,51509.20291514582,4724.259538127588,331.540000852923,89.02669718064934,2022
2024-02-13 05:41:41.302355,47940.39254296122,4211.754250893762,457.66167618123677,97.4132842085473,2024
2022-05-24 21:03:39.744872,42659.73791869191,4424.507563342245,322.78831662564784,71.08218442796326,2022
2021-09-12 20:05:30.154495,21977.75523389626,3113.6774256386702,453.0579993501392,97.88742560586122,2021
2020-02-02 04:27:09.998641,32317.840394534673,3251.2712278732797,491.0263471920445,97.1920188005763,2020
2024-02-23 06:46:48.018237,15212.575845783329,4088.5740738704,284.7083365272712,31.460563442314708,2024
2022-02-20 05:08:06.873588,11661.267920167498,3482.3829204904796,419.66641293399795,74.41561099555254,2022
2020-06-11 13:21:01.184711,49353.01505535198,3305.445063583439,136.83050986123396,25.820105100273956,2020
2023-01-20 02:16:34.339647,16845.647438484255,3852.5277833611867,376.32188109594426,59.897815229780605,2023
2024-08-25 22:04:20.401676,13399.753193657561,3035.205152533648,226.31470010523122,88.05164685869381,2024
2023-01-05 12:18:12.697141,24137.633473343056,3740.3803953337897,57.84031500405894,97.34349750223582,2023
2020-09-03 22:48:44.787299,36423.21738843487,3668.4511566479555,72.36497508923634,26.802263692874952,2020
2024-07-07 20:51:15.225570,13391.70042525172,3133.6716792187344,163.23192152695827,21.327960775372645,2024
2020-06-21 14:48:29.076971,10475.966402281336,4166.120681889676,374.74363958819305,57.716459396774084,2020
2021-03-11 09:22:25.754025,43216.42486562995,4784.781301867637,307.9926773155362,51.17662050672851,2021
2022-12-04 08:51:23.783114,46226.229313684475,4255.586662441751,407.1691889445792,38.008934199909525,2022
2023-08-31 14:10:18.747777,40196.007430145255,4751.675970724536,421.99968440960515,34.17343730771692,2023
2024-03-13 00:56:54.010913,58813.2890260863,3405.7069004462933,97.1836382004439,73.72927628540816,2024
2020-09-24 00:11:14.032914,25890.655898088276,3112.595176046407,230.45953630822768,25.516390276006618,2020
2023-01-27 22:38:29.872387,24839.479885611006,4205.253938397154,233.39277147393028,96.0343889701302,2023
2024-10-12 11:52:27.319043,28164.9754567244,3645.0677251100697,363.303778971065,79.77118414430194,2024
2021-12-20 04:50:00.793893,47863.26771491737,4442.862658956381,55.0032937575974,22.32415570094642,2021
2022-12-12 00:12:05.491508,58168.102718946524,4117.832639027296,240.47902660893342,26.047544312779507,2022
2020-12-20 16:37:47.361023,40504.01431069456,3211.7387224628424,142.39739009996129,92.78464595002657,2020
2022-06-02 16:46:24.989508,59191.696331804465,4208.132282789693,371.3167558710553,42.18815026612199,2022
2023-06-04 23:24:32.600505,52682.15552700943,4804.337703809759,348.96039410462487,52.80626663134302,2023
2020-11-20 19:51:29.915731,48760.01545455934,3360.998661894591,445.2105958262978,53.62814653859681,2020
2020-09-12 11:29:12.061430,27581.825998174667,3248.9079920041313,105.77991196514071,25.37430879427272,2020
2022-05-21 19:11:41.972153,35460.09271670427,4072.3345912746113,496.34521258439327,40.75129391017573,2022
2020-05-29 12:38:43.798555,24970.037008210285,4614.398553433269,151.10930283194173,20.251789875314206,2020
2023-04-29 00:07:10.553471,31419.982652469804,4162.282927729605,472.3773107265734,42.39820267226412,2023
2020-04-02 00:49:02.038573,21422.65120562602,4021.194778634861,253.46865731963604,41.122223733629994,2020
2021-07-11 19:55:05.999483,19290.624744199864,3703.424071853051,53.752146578857705,89.94116345026592,2021
2024-08-16 02:02:48.554226,37512.622801,3467.9032175642583,277.55722698454406,63.266672141750064,2024
2023-12-30 18:26:14.949631,17882.393553933554,4019.2887770597627,225.68465771439466,55.87795080289908,2023
2021-08-29 05:09:17.563571,52488.75802981131,3618.931572432022,446.06124571147984,29.433891429093713,2021
2020-10-26 04:39:29.260091,31827.68478420074,4013.7807657865105,264.3553341606279,38.1214101564174,2020
2024-09-04 09:32:37.422100,28770.725287557187,4725.969364875908,292.7008509431324,42.16420156582238,2024
2021-10-20 21:43:35.556857,44330.877541120055,4628.442249299698,159.24545638183838,45.40311643158748,2021
2023-04-08 20:32:07.199248,36076.372327370824,4801.761565027173,495.80221250712333,69.0053592565001,2023
2020-02-19 03:22:51.437543,45050.653876364246,4251.429563438387,211.04394854556327,64.2755148784461,2020
2024-05-17 03:39:56.630305,40441.17091603932,3132.124870973075,493.18940437483496,30.9530420908197,2024
2020-05-04 00:45:45.392412,52166.738724656796,3302.221207526602,242.44923884227404,94.25702422950754,2020
2021-01-11 12:59:41.218258,53748.43066704372,4108.872222046175,147.40753358375443,88.17148488947804,2021
2021-02-13 02:09:09.799084,20557.8689940958,4021.257754446534,307.98357226661625,54.335319837714415,2021
2023-07-17 05:46:05.967745,22543.772370304057,3643.5297156551355,133.87316216854754,31.428545756814536,2023
2020-12-21 21:50:57.989878,56591.61246086636,3086.1983844179576,119.58224496161435,52.66386067880498,2020
2020-08-03 20:07:23.699147,29406.754854622566,3814.4065313713995,282.8066990298098,58.05077270071586,2020
2022-10-13 06:06:08.724853,34345.41534573083,3684.3308487041904,277.35414852380825,45.054208555796265,2022
2021-09-21 16:19:54.790843,59431.99375429675,3464.716460430012,201.14050063388368,32.40977333661821,2021
2021-01-11 01:03:11.353234,36973.12498738705,4164.078013263852,298.47095913853593,94.25984233374766,2021
2021-03-12 08:37:53.747715,27200.954596581058,3817.5441243754085,378.1288805441464,59.06807722909463,2021
2021-08-21 22:45:25.971296,57470.30363733361,4757.392128880802,218.87340983202589,42.002303565400936,2021
2020-11-29 08:50:41.909047,38755.56150930005,4515.101345418509,185.04946134195836,41.273102314502964,2020
2020-12-23 20:11:43.691985,26840.655915546078,4707.018881393729,164.84441630709415,49.03160054083172,2020
2022-12-29 19:31:13.558584,10258.039180555903,4742.646619643992,439.8908751423,88.73430442815551,2022
